ID,INDUSTRY,Question 1002: My organisation is interested in changing the way we use electricity if it reduces the electricity bill,"Question 1002: By changing the way the people I work with and I use electricity, my organisation can reduce its electricity bill",Question 10012: My organisation has already done a lot to reduce the amount of electricity it uses,Question 10012: My organisation has already made changes to the way we work in order to reduce the amount of electricity we use.,Question 10012: My organisation would like to do more to reduce electricity usage,Question 10012: My organisation knows what it needs to do in order to reduce electricity usage,Question 10012: My organisation cannot control how much electricity it uses,"Question 170: Approximately what percentage of non wage costs does your organisation spend on electricity? ASSUME BUSINESS PROFILE, HOURS OF BUSINESS HAVE NOT CHANGED, EQUIPMENT, OPENING HOURS HAVE NOT CHANGED.",Question 300: Has your organisation had an audit of its energy use in the past 12 months?,Question 301: Is your organisation curently on a nightsaver tariff?,Question 320: Does your organisation have regular monitoring and reporting of trends in its energy use?,"Question 340: Is there a person in your organisation who is responsible for energy usage checking, monitoring and feeding back?","Question 350: Does your organisation engage in generating its own electricity from sources such as solar panels, wind turbines etc?",Question 6012: My business has become more aware of the cost of the electricity it uses,Question 6012: My business has invested in more energy efficient equipment to reduce its use of electricity of usage,Question 6012: My business reviewed its electricity usage in order to identify ways of reducing it,Question 6012: My business identified easy to implement changes which reduced the amount of electricity it used,Question 6012: Managers were given targets to reduce their use of electricity,Question 6012: Participation in the trial had no impact on the business,Question 6020: By what amount do you think that your electricity bills changed as a result of the trial?,Question 6030: Do you think that your overall electricity usage (units or kWh) changed during the trial?,Question 6502: The tariff (the different prices charged for using electricity at different times of day and night) helped the business to reduce its overall usage of electricity,Question 6502: The tariff made the business become more aware about how it used electricity,"Question 9030: When you first received this energy usage statement how effective did you find it in helping your business reduce its electricity usage, using a scale of 1 to 5 where 5 is very effective and 1 is not at all effective or 6 did not read it?",Question 9040: And over the entire trial how effective did you find the energy usage statement in helping your business reduce its electricity usage using a scale of 1 to 5 where 5 is very effective and 1 is not at all effective or 6 did not read it?,Question 20000: Have you installed timing switches on any of your electrical appliances/equipment?,"Question 200007: Is there a person in your organisation who is responsible for energy usage checking, monitoring and feeding back?","Question 200008: Does your organisation engage in generating its own electricity from sources such as solar panels, wind turbines etc?",Question 5432: My organisation is interested in changing the way we use electricity if it reduces the electricity bill,"Question 5432: By changing the way the people I work with and I use electricity, I can reduce my electricity bill",Question 5442: My organisation has already done a lot to reduce the amount of electricity it uses,Question 5442: My organisation has already made changes to the way we work in order to reduce the amount of electricity we use.,Question 5442: My organisation would like to do more to reduce electricity usage,Question 5442: My organisation knows what it needs to do in order to reduce electricity usage,Question 5442: My organisation cannot control how much electricity it uses,Question 5422: Approximately what % savings on the average bill did you achieve?,Question 5512: The overall quality of the electricity supply,Question 5512: The percentage of electricity being generated from renewable sources,Question 5512: The number of estimated bills your organisation receives,Question 5512: The level of wastage of electricity in the home or office,Question 5512: The overall cost of electricity,Question 5512: The environmental damage associated with the amount of electricity used,,
1021,3,2,2,2,2,2,2,3,5,2,2,2,1,2, , , , , , , , , , , , ,,,,,,,,,,,,,,,,,,,
1023,3,1,1,2,2,2,1,3,5,2,1,1,1,2,5,1,3,4,1,4,2,2,1,2,5,5,2,2,2,1,1,5,5,3,2,5, ,1,3,1,2,3,2,,
1026,,,,,,,,,,,,,,,,,,,,,,,,,,,2,1,2,1,2,2,1,2,2,5,15,2,2,2,2,3,3,,
1050,3,2,2,2,2,2,2,4,7,2,1,2,1,2,4,2,2,4,1,3,2,2,2,2,2,2,2,2,2,1,1,2,2,2,2,4,50,2,4,4,4,4,4,,
1056,2,2,3,3,2,1,1,5,80,2,1,2,2,2, , , , , , , , , , , , ,2,2,2,1,2,3,3,2,2,4, ,1,4,3,3,3,3,,
1101,,,,,,,,,,,,,,,,,,,,,,,,,,,2,1,2,2,1,1,1,2,2,4,999,1,5,3,3,5,5,,
1137,,,,,,,,,,,,,,,,,,,,,,,,,,,1,2,2,2,4,1,1,5,5,5,999,2,4,4,2,4,3,,
1145,3,1,1,2,2,1,2,5,20,1,2,1,2,2,5,1,5,5,5,1,2,2,1,1,5,5,1,1,2,2,2,2,2,2,3,2, ,2,2,2,4,4,4,,
1146,3,3,4,1,1,3,3,4,5,2,2,2,2,2, , , , , , , , , , , , ,2,2,2,3,2,5,4,3,4,4, ,3,3,3,3,3,3,,
1172,4,1,3,3,4,1,2,4,0,2,2,2,2,2, , , , , , , , , , , , ,1,1,2,1,3,2,2,3,4,2, ,2,3,2,2,4,4,,
1177,3,1,1,1,1,1,1,4,10,2,2,1,1,2,5,1,5,1,1,2,2,2,1,1, , ,1,1,2,2,4,3,3,2,2,4, ,4,3,4,2,5,3,,
1181,2,2,2,2,2,2,4,2,3,2,2,2,1,2, , , , , , , , , , , , ,2,2,2,1,2,4,3,1,3,3, ,2,3,3,3,4,3,,
1228,4,2,2,2,2,2,2,4,4,2,2,2,2,2, , , , , , , , , , , , ,2,2,2,1,2,2,4,1,3,4, ,1,4,2,2,4,4,,
1254,4,3,2,3,4,4,4,3,10,2,1,2,2,2,4,4,4,4,3,3,3,3,3,4, , ,1,1,1,1,2,1,1,1,1,5, ,1,3,1,2,2,2,,
1258,1,1,4,3,2,3,2,1,99,2,1,2,1,2,5,1,4,3,2,2,2,3,1,1,5,4,2,2,2,2,2,2,2,2,5,2, ,1,2,1,2,2,2,,
1285,4,2,1,1,1,2,2,5,0,2,2,2,2,2,1,5,1,2,1,5,3,3,4,4, , ,,,,,,,,,,,,,,,,,,,
1287,,,,,,,,,,,,,,,,,,,,,,,,,,,2,2,2,1,1,2,2,2,1,2, ,4,5,5,4,4,5,,
1333,4,1,2,5,3,1,4,5,10,2,2,2,2,2,5,1,3,2,1,2,3,3,4,5,1,3,2,2,2,1,1,4,4,2,4,4, ,3,4,3,3,4,2,,
1345,3,1,1,1,1,1,1,1,3,2,2,2,2,2, , , , , , , , , , , , ,,,,,,,,,,,,,,,,,,,
1356,,,,,,,,,,,,,,,,,,,,,,,,,,,2,2,2,2,3,5,5,2,2,1, ,1,3,2,2,5,4,,
1369,2,1,1,1,1,4,1,1,99,2,1,2,2,2,1,1,1,1,1,1,3,3,5,5, , ,2,2,2,1,1,5,4,1,3,5, ,1,3,3,3,3,2,,
1370,,,,,,,,,,,,,,,,,,,,,,,,,,,2,2,2,1,1,5,5,1,5,5, ,1,5,3,5,5,3,,
1386,4,1,2,3,2,2,2,3,0,1,2,2,2,2,5,4,4,4,1,3,3,3,4,4,4,4,1,2,2,1,1,3,3,1,3,3, ,2,5,5,5,5,4,,
1391,,,,,,,,,,,,,,,,,,,,,,,,,,,2,2,2,2,1,2,2,2,3,1, ,1,4,3,4,4,3,,
1400,2,1,1,3,3,5,3,5,0,2,2,2,2,2, , , , , , , , , , , , ,2,2,2,1,1,5,1,1,5,1,10,1,4,1,2,5,4,,
1401,,,,,,,,,,,,,,,,,,,,,,,,,,,2,1,2,1,1,1,1,1,1,4, ,1,5,5,5,5,5,,
1414,3,1,2,3,3,1,2,4,0,2,2,2,2,2,3,3,1,4,1,1,3,3,5,5, , ,,,,,,,,,,,,,,,,,,,
1415,2,1,2,2,2,2,2,5,1,1,2,2,2,2,4,1,3,4,1,2,2,2,1,1,3,3,2,2,2,1,4,1,1,1,1,5,5,1,4,4,1,5,5,,
1427,3,1,1,2,2,1,3,3,99,2,2,2,2,2,4,1,1,1,1,1,3,3,5,3, , ,2,2,2,1,1,4,4,1,4,4, ,1,4,3,4,5,3,,
1439,,,,,,,,,,,,,,,,,,,,,,,,,,,2,2,2,1,2,4,4,2,4,3, ,2,4,2,3,2,3,,
1456,,,,,,,,,,,,,,,,,,,,,,,,,,,2,2,2,1,1,1,1,1,1,2,999,1,1,1,1,2,3,,
1457,4,1,2,3,3,2,3,4,40,2,1,2,2,2, , , , , , , , , , , , ,2,2,2,1,1,5,5,1,5,4, ,1,3,3,3,2,5,,
1465,4,1,1,4,4,1,4,1,99,2,1,2,2,2,2,1,1,1,1,1,2,3,5,5,1,1,2,2,2,1,1,4,4,1,4,1, ,2,5,2,5,5,5,,
1478,4,3,3,4,4,3,1,1,1,2,2,2,1,2, , , , , , , , , , , , ,1,2,2,3,3,4,4,2,2,5, ,1,3,3,3,4,3,,
1503,,,,,,,,,,,,,,,,,,,,,,,,,,,2,1,2,3,2,2,4,3,4,4, ,2,4,2,3,4,4,,
1524,3,1,3,2,2,2,2,4,5,2,2,2,2,2, , , , , , , , , , , , ,2,1,2,2,2,2,2,3,2,4, ,3,2,3,4,3,3,,
1525,4,1,3,5,1,1,5,1,3,2,2,2,2,2, , , , , , , , , , , , ,1,2,2,1,1,1,3,1,5,3, ,3,5,5,5,5,5,,
1583,,,,,,,,,,,,,,,,,,,,,,,,,,,2,2,2,2,4,3,3,2,2,2, ,2,4,1,1,4,3,,
1602,,,,,,,,,,,,,,,,,,,,,,,,,,,2,2,2,1,1,4,4,1,4,1, ,1,5,3,5,5,5,,
1617,3,1,3,1,4,1,2,5,1,1,2,1,1,2, , , , , , , , , , , , ,1,2,2,1,1,4,1,1,2,5, ,1,2,2,4,3,4,,
1637,3,1,2,4,4,2,2,5,1,2,1,2,2,2,4,2,1,1,1,4,3,3,4,2,2,2,1,2,2,1,1,4,2,1,5,4, ,2,5,2,5,3,5,,
1649,2,1,1,3,3,1,3,4,1,2,2,2,2,2,4,2,2,2,2,5,3,3,2,2,4,4,2,2,2,1,1,2,2,1,3,2, ,2,3,3,2,3,3,,
1651,3,1,1,4,4,1,1,4,0,2,2,2,2,2, , , , , , , , , , , , ,2,2,2,4,4,4,4,3,5,1, ,2,4,2,5,2,2,,
1655,3,1,3,1,2,1,3,1,2,2,1,1,2,2,5,5,5,5,1,5,1,1,4,2,1,1,1,2,2,1,1,4,3,1,4,5, ,2,5,2,1,1,5,,
1683,3,2,2,1,1,1,1,4,5,2,2,2,2,2, , , , , , , , , , , , ,2,2,2,2,2,2,4,3,3,4, ,2,3,2,3,3,2,,
1685,3,1,4,2,1,1,1,4,0,2,2,2,2,2, , , , , , , , , , , , ,1,2,2,1,3,1,4,1,1,4,999,1,3,3,4,4,3,,
1688,,,,,,,,,,,,,,,,,,,,,,,,,,,1,1,2,1,1,5,5,1,4,4, ,1,5,4,5,5,5,,
1693,1,1,2,3,4,1,3,2,0,2,1,2,2,2,1,1,1,1,1,1,3,3,5,5, , ,,,,,,,,,,,,,,,,,,,
1713,,,,,,,,,,,,,,,,,,,,,,,,,,,2,2,2,3,2,3,3,2,4,3, ,2,3,3,3,4,4,,
1719,1,1,1,1,3,1,1,1,15,2,2,1,2,1,5,1,5,5,4,2,2,2,1,1,4,4,,,,,,,,,,,,,,,,,,,
1723,,,,,,,,,,,,,,,,,,,,,,,,,,,2,2,2,2,1,2,3,3,2,4, ,1,4,2,2,3,3,,
1732,4,1,1,1,1,1,2,5,20,1,2,2,1,2, , , , , , , , , , , , ,2,2,2,1,3,3,3,1,3,2, ,1,1,4,3,5,3,,
1737,,,,,,,,,,,,,,,,,,,,,,,,,,,2,2,2,1,1,2,2,1,4,2,999,1,4,2,3,4,3,,
1743,3,4,1,2,1,4,1,2,0,2,1,2,2,2,5,1,1,1,4,2,3,3,2,2, , ,1,2,2,2,2,2,1,1,2,2,10,2,4,3,4,3,3,,
1803,3,4,5,5,4,4,3,4,0,2,1,1,2,2,5,2,4,5,1,1,2,2,1,1,4,4,2,2,2,1,1,5,5,1,5,2, ,1,5,1,5,4,4,,
1806,1,3,4,4,3,3,2,3,0,2,2,2,2,2,4,3,3,3,3,4,2,3,2,3,6,1,2,2,2,1,1,3,1,1,2,1,5,4,3,2,3,5,3,,
1853,1,1,2,3,3,2,2,3,5,2,1,2,1,2,4,3,3,3,3,3,3,2,3,2,4,4,2,1,2,2,2,2,2,1,2,3, ,2,3,2,4,3,3,,
1873,4,3,5,3,5,2,4,1,5,2,1,2,2,2, , , , , , , , , , , , ,2,2,2,1,2,5,5,3,3,3, ,3,3,3,2,3,4,,
1961,,,,,,,,,,,,,,,,,,,,,,,,,,,2,2,2,1,1,4,3,1,4,4, ,1,3,1,3,5,3,,
1976,,,,,,,,,,,,,,,,,,,,,,,,,,,1,2,2,1,2,2,1,1,3,1,10,1,4,2,4,3,2,,
1995,4,1,1,2,2,1,3,5,12,2,2,2,2,2, , , , , , , , , , , , ,2,2,2,2,2,2,1,2,2,4,999,2,3,2,2,3,4,,
2002,,,,,,,,,,,,,,,,,,,,,,,,,,,2,2,2,1,2,4,4,1,4,2, ,2,3,4,4,3,4,,
2024,1,3,1,3,5,3,2,1,1,2,2,2,2,2,2,1,1,2,1,4,3,3,5,3, , ,,,,,,,,,,,,,,,,,,,
2082,2,1,1,3,3,1,3,3,99,2,2,1,1,2,5,3,3,3,1,1,4,5,1,1,5,5,,,,,,,,,,,,,,,,,,,
2094,4,3,1,1,1,3,1,5,1,2,2,2,2,2, , , , , , , , , , , , ,2,2,2,2,2,2,2,1,2,5, ,1,4,2,4,2,4,,
2100,4,4,4,4,4,4,4,1,5,2,2,2,2,2,3,3,3,3,3,3,3,3,5,5, , ,1,2,2,2,2,4,4,3,4,2, ,2,3,4,4,4,3,,
2102,4,2,3,2,2,2,2,3,1,2,2,2,2,2,4,4,2,4,1,3,2,2,2,2,4,4,2,2,2,3,2,5,3,3,1,5, ,3,5,2,4,4,4,,
2107,3,1,1,1,1,1,4,3,10,2,1,1,1,2,5,5,5,3,1,1,1,2,1,1,4,5,2,1,2,2,2,1,1,2,4,2,999,1,2,4,2,2,2,,
2111,4,1,5,5,5,1,1,5,99,2,2,2,1,2,3,3,4,2,1,5,3,3,5,5,1,1,2,2,2,1,3,4,5,2,5,3, ,1,4,2,3,4,4,,
2125,1,3,4,2,2,3,4,3,0,1,2,2,2,2, , , , , , , , , , , , ,1,2,2,3,1,5,5,3,5,2, ,1,4,2,5,3,3,,
2175,3,1,1,1,1,1,1,5,5,2,1,2,1,2, , , , , , , , , , , , ,2,2,2,1,1,1,1,1,3,2,5,3,3,2,4,4,3,,
2200,3,1,1,3,3,1,1,5,0,2,1,2,2,2,5,2,5,3,1,1,3,3,4,3,3,3,2,1,2,1,1,5,3,1,2,4, ,1,2,2,4,5,3,,
2220,4,2,2,4,4,2,2,4,1,2,1,2,2,2,4,1,2,2,1,4,3,3,5,5,2,2,2,2,2,2,2,4,4,2,2,2, ,2,3,2,2,4,4,,
2242,1,1,2,3,2,1,3,5,15,2,1,2,2,2,5,5,3,3,1,4,3,3,3,3,3,3,2,2,2,1,1,2,2,1,4,5,999,1,3,2,4,5,4,,
2272,4,1,2,3,3,1,4,3,2,2,1,1,1,2, , , , , , , , , , , , ,,,,,,,,,,,,,,,,,,,
2277,3,1,1,3,3,1,3,1,8,2,2,2,1,2,5,3,3,3,1,1,2,2,1,1, , ,,,,,,,,,,,,,,,,,,,
2286,2,1,1,5,5,1,5,1,99,2,2,1,2,2, , , , , , , , , , , , ,2,2,2,1,1,2,2,1,4,4, ,2,3,3,3,4,3,,
2305,,,,,,,,,,,,,,,,,,,,,,,,,,,2,1,2,2,2,4,4,2,2,4, ,1,2,1,4,4,4,,
2351,,,,,,,,,,,,,,,,,,,,,,,,,,,2,2,2,1,1,5,5,1,5,3, ,5,5,3,1,3,5,,
2372,4,1,1,1,3,1,1,1,99,2,2,2,2,2, , , , , , , , , , , , ,,,,,,,,,,,,,,,,,,,
2376,2,1,4,1,1,1,1,4,0,2,2,1,2,2, , , , , , , , , , , , ,2,2,2,2,2,3,3,2,3,3, ,1,2,3,4,4,3,,
2386,3,1,3,2,3,1,1,3,0,2,1,2,2,2, , , , , , , , , , , , ,,,,,,,,,,,,,,,,,,,
2392,4,1,2,2,5,3,2,3,15,2,1,1,1,2, , , , , , , , , , , , ,2,2,2,1,4,1,4,2,2,3, ,1,2,2,3,2,3,,
2402,,,,,,,,,,,,,,,,,,,,,,,,,,,2,2,2,1,1,1,1,1,5,5,999,1,3,4,5,3,5,,
2413,4,1,1,2,4,2,3,4,0,2,1,2,2,2, , , , , , , , , , , , ,1,1,2,1,1,3,3,2,4,2, ,3,4,2,4,4,4,,
2441,1,1,1,2,2,2,4,1,5,2,1,2,2,2, , , , , , , , , , , , ,2,2,2,1,1,2,2,1,5,3, ,1,5,5,5,5,1,,
2488,3,1,1,4,4,1,4,1,10,2,2,2,2,2, , , , , , , , , , , , ,,,,,,,,,,,,,,,,,,,
2506,1,3,5,5,5,3,3,5,99,2,1,2,2,2, , , , , , , , , , , , ,1,2,2,1,1,4,4,1,4,1, ,1,1,2,3,1,1,,
2516,,,,,,,,,,,,,,,,,,,,,,,,,,,1,1,2,1,1,1,1,1,2,2,3,1,4,2,5,4,4,,
2521,3,1,1,1,1,1,3,3,3,2,2,2,2,2, , , , , , , , , , , , ,2,2,2,1,1,4,4,1,2,4, ,2,3,2,5,5,3,,
2524,2,2,1,1,2,2,3,2,0,2,2,2,2,2,1,1,1,1,1,5,3,3,5,5, , ,2,2,2,1,1,2,2,2,4,2, ,2,5,2,2,4,4,,
2527,1,1,1,4,4,1,3,1,99,1,2,2,2,2,5,1,1,1,1,4,3,3,5,1,5,5,,,,,,,,,,,,,,,,,,,
2550,2,5,5,5,5,5,5,5,99,2,1,2,2,2,4,1,1,1,1,3,3,3,2,2, , ,2,2,2,1,3,4,4,1,2,4, ,1,4,2,3,4,3,,
2554,2,1,4,1,1,1,1,4,6,2,2,2,1,2,5,1,5,5,1,1,2,2,1,1,5,5,2,2,2,1,1,1,1,1,3,4,15,1,3,2,3,2,2,,
2639,,,,,,,,,,,,,,,,,,,,,,,,,,,2,2,2,2,2,5,5,4,5,2, ,2,2,4,2,5,4,,
2644,2,1,2,3,3,1,4,3,0,2,1,2,2,2,4,1,4,5,1,1,3,3,2,1,5,5,2,2,2,1,1,4,2,4,2,1, ,1,5,1,3,5,5,,
2655,2,1,4,2,2,3,1,3,4,2,1,1,2,2,5,2,4,4,1,1,2,2,2,2,5,4,2,2,2,2,2,5,5,3,3,4, ,3,3,4,5,4,4,,
2674,3,1,2,3,2,1,1,4,10,2,1,2,1,2,4,2,4,4,2,1,3,2,1,2,5,5,2,2,2,1,1,3,4,1,4,2, ,2,3,5,4,4,3,,
2681,3,1,1,3,2,1,1,4,2,2,2,2,2,2,4,1,2,3,1,3,2,2,1,2,5,4,,,,,,,,,,,,,,,,,,,
2687,1,2,2,2,1,1,2,2,2,2,1,1,1,2,5,2,4,4,2,2,3,3,5,2,5,5,1,2,2,3,1,2,2,2,3,3, ,2,3,3,3,5,3,,
2722,2,1,3,1,1,2,4,4,2,1,1,2,1,2, , , , , , , , , , , , ,2,1,2,1,2,2,2,1,4,4,999,1,4,4,2,2,4,,
2739,,,,,,,,,,,,,,,,,,,,,,,,,,,2,2,2,1,3,1,1,1,3,2,10,1,1,1,5,3,5,,
2759,3,3,3,4,4,3,3,1,5,2,1,2,2,2,3,1,1,1,1,4,3,3,3,3, , ,2,2,2,1,2,1,3,1,4,5, ,1,4,2,4,4,4,,
2764,3,1,1,1,3,3,2,4,0,2,1,2,2,2, , , , , , , , , , , , ,1,2,2,1,1,3,3,1,1,2, ,1,2,2,3,4,5,,
2768,3,1,1,1,1,1,1,4,10,2,2,2,2,2, , , , , , , , , , , , ,,,,,,,,,,,,,,,,,,,
2812,,,,,,,,,,,,,,,,,,,,,,,,,,,2,2,2,3,3,2,5,4,4,4, ,1,3,3,3,5,4,,
2818,,,,,,,,,,,,,,,,,,,,,,,,,,,2,2,2,1,1,1,1,1,1,1,999,2,2,2,2,2,2,,
2823,1,1,1,1,1,1,2,4,0,1,1,2,1,2,5,4,4,3,4,4,2,2,1,1, , ,2,2,2,1,1,4,3,1,5,5, ,1,5,5,5,5,5,,
2824,1,1,1,1,3,1,1,5,5,2,2,1,1,2,5,3,5,4,1,3,2,2,2,2,5,5,2,1,2,1,1,2,2,1,1,4,999,1,2,3,4,2,4,,
2830,4,3,2,3,3,2,3,3,1,2,2,2,2,2,4,3,2,2,1,4,2,2,2,2,4,4,2,2,2,2,1,3,3,2,3,3, ,2,4,3,4,3,3,,
2845,3,1,1,1,1,1,1,2,99,2,2,2,1,2, , , , , , , , , , , , ,1,2,2,4,2,2,2,3,2,4, ,4,4,4,2,4,5,,
2882,1,1,1,2,2,2,4,2,10,2,2,2,2,2, , , , , , , , , , , , ,2,2,2,1,1,4,4,1,5,1, ,1,4,1,2,4,4,,
2913,4,4,4,4,4,4,2,2,20,1,2,2,1,2,4,2,2,2,1,3,2,3,4,2, , ,2,2,2,1,2,3,4,1,3,3, ,2,3,3,3,5,5,,
2916,1,2,1,2,2,3,4,5,2,2,1,2,2,2, , , , , , , , , , , , ,2,2,2,2,2,4,4,2,5,5, ,2,5,3,3,5,5,,
2923,4,1,1,2,2,1,1,2,3,2,2,2,2,2,5,1,5,5,1,2,3,3,1,1, , ,2,2,2,1,1,3,2,1,4,5,50,2,3,2,5,5,4,,
2929,,,,,,,,,,,,,,,,,,,,,,,,,,,2,2,2,1,4,3,3,1,4,1, ,5,2,2,2,2,3,,
2930,3,1,1,2,1,1,1,4,10,2,1,1,1,2,4,4,4,4,3,2,1,2,1,1,4,4,2,2,2,1,1,2,2,1,4,1,2,1,3,1,4,4,4,,
2939,,,,,,,,,,,,,,,,,,,,,,,,,,,2,2,2,2,2,2,2,1,2,3, ,1,2,2,3,2,4,,
2978,,,,,,,,,,,,,,,,,,,,,,,,,,,2,1,2,1,1,3,3,1,2,3, ,3,2,1,2,4,3,,
3002,3,1,3,3,3,1,1,5,5,2,2,2,2,2, , , , , , , , , , , , ,,,,,,,,,,,,,,,,,,,
3013,2,1,3,5,5,1,5,2,2,2,2,2,1,2, , , , , , , , , , , , ,2,2,2,1,4,4,5,5,5,3, ,1,3,3,3,3,3,,
3027,3,2,2,2,2,1,1,5,5,2,2,2,2,2,5,5,4,4,1,1,3,3,3,3, , ,,,,,,,,,,,,,,,,,,,
3041,,,,,,,,,,,,,,,,,,,,,,,,,,,2,2,2,1,1,1,1,1,2,3,25,1,2,3,2,2,3,,
3054,4,1,1,1,1,1,1,1,5,2,2,2,2,2,5,5,5,5,1,3,2,4,1,1,3,3,2,2,2,1,1,1,1,1,1,4, ,1,1,1,1,2,3,,
3063,1,1,1,2,2,2,3,1,5,2,2,2,2,2,5,1,3,3,1,1,3,3,5,5, , ,1,2,2,1,1,1,1,1,3,4, ,1,2,1,4,3,2,,
3088,3,2,2,3,4,2,2,4,2,2,2,2,2,2,5,4,2,4,2,2,2,3,1,1, , ,,,,,,,,,,,,,,,,,,,
3103,3,1,1,1,3,3,1,1,0,2,2,2,2,2, , , , , , , , , , , , ,,,,,5,1,1,2,2,2, ,2,2,3,2,4,2,,
3104,3,1,1,1,5,1,1,1,0,2,2,2,2,2,4,1,1,1,1,5,3,3,4,1, , ,2,2,2,5,1,2,1,1,1,1,999,1,2,1,2,4,2,,
3147,3,1,3,3,1,1,1,4,10,2,1,2,2,1, , , , , , , , , , , , ,2,2,2,1,1,4,4,1,3,4, ,3,3,3,4,5,5,,
3200,,,,,,,,,,,,,,,,,,,,,,,,,,,2,2,2,1,1,4,4,1,3,4, ,1,4,4,4,2,4,,
3206,4,1,2,3,3,1,3,5,4,2,2,2,1,2,5,2,4,4,1,1,2,2,4,5,5,5,2,1,2,1,2,1,4,1,1,4, ,1,2,1,5,1,1,,
3208,3,2,2,2,2,2,4,1,99,2,2,2,2,2, , , , , , , , , , , , ,1,2,2,2,1,4,4,4,3,4, ,1,1,1,4,1,4,,
3214,,,,,,,,,,,,,,,,,,,,,,,,,,,2,2,2,4,,,,,,,,,,,,,,,
3225,4,2,3,4,4,3,4,2,2,2,2,2,2,2,4,2,2,3,1,5,3,3,1,2,2,2,,,,,2,1,1,1,3,1, ,2,4,2,2,4,4,,
3230,4,1,3,2,3,3,3,4,2,2,1,2,2,2,4,2,4,3,1,3,3,3,5,3,3,3,,,,,,,,,,,,,,,,,,,
3263,3,1,1,1,1,1,1,3,5,2,1,2,2,2,5,3,5,5,1,3,2,2,1,1,5,5,2,2,2,1,1,2,3,2,2,1, ,2,4,3,4,3,3,,
3274,,,,,,,,,,,,,,,,,,,,,,,,,,,2,2,2,1,4,2,2,3,4,4,2,2,3,2,2,2,3,,
3285,4,1,1,1,3,3,5,1,8,2,2,2,2,2, , , , , , , , , , , , ,2,1,2,2,2,1,1,3,1,5,50,3,3,1,3,4,3,,
3360,2,1,1,1,2,1,2,4,0,2,1,2,1,2, , , , , , , , , , , , ,1,1,2,1,1,3,3,2,2,3, ,1,3,3,2,5,2,,
3392,3,1,2,3,3,2,2,3,5,2,1,2,1,2, , , , , , , , , , , , ,1,1,2,1,1,1,1,1,2,4,5,1,3,5,4,5,4,,
3395,3,1,3,2,1,1,1,5,80,2,1,1,1,2,5,1,5,3,1,2,2,3,1,1,5,5,2,2,2,1,1,2,1,1,1,3,15,1,5,3,5,4,4,,
3413,4,2,2,2,4,2,4,4,1,2,2,2,2,2, , , , , , , , , , , , ,2,2,1,1,3,2,1,4,3,4,50,1,2,1,1,2,4,,
3415,4,3,3,1,2,1,1,2,0,2,1,2,2,2, , , , , , , , , , , , ,2,2,2,1,1,2,2,1,2,4,999,1,2,2,3,2,3,,
3422,,,,,,,,,,,,,,,,,,,,,,,,,,,2,2,2,1,1,2,2,1,1,5, ,2,4,4,2,2,1,,
3429,,,,,,,,,,,,,,,,,,,,,,,,,,,1,2,2,1,1,1,1,1,5,5, ,1,1,1,4,4,4,,
3432,4,1,1,3,2,2,4,4,1,2,2,2,1,2, , , , , , , , , , , , ,2,2,2,1,1,3,1,1,2,3, ,1,2,3,2,5,3,,
3462,,,,,,,,,,,,,,,,,,,,,,,,,,,2,2,2,1,,,,,,,,,,,,,,,
3476,1,1,2,3,3,1,5,4,10,2,2,2,2,2, , , , , , , , , , , , ,,,,,2,3,3,2,4,3, ,1,3,1,3,4,3,,
3509,3,4,1,2,1,3,1,5,99,2,1,1,2,2,5,5,4,4,1,1,2,2,1,1, , ,,,,,,,,,,,,,,,,,,,
3515,4,1,4,5,5,1,4,2,3,2,2,2,2,2,2,1,1,1,1,4,3,3,5,5,1,1,2,2,2,1,2,4,2,2,2,4, ,1,1,1,3,1,4,,
3532,3,3,3,3,3,2,3,4,0,2,1,2,2,2,4,4,4,2,1,1,2,3,2,2,1,1,2,2,2,2,1,4,2,1,3,3,999,1,4,1,4,5,4,,
3566,,,,,,,,,,,,,,,,,,,,,,,,,,,1,2,2,1,1,1,4,1,4,4,999,1,2,4,3,4,4,,
3574,2,2,1,2,4,1,1,4,0,2,1,2,2,2,5,2,3,2,2,1,2,2,1,1,4,4,1,2,2,2,,,,,,,,,,,,,,,
3583,2,3,4,3,5,3,5,4,6,2,2,2,2,2, , , , , , , , , , , , ,,,,,1,5,3,1,3,3, ,4,3,4,4,4,4,,
3619,,,,,,,,,,,,,,,,,,,,,,,,,,,2,2,2,1,2,4,4,1,2,4, ,1,2,2,5,2,4,,
3656,,,,,,,,,,,,,,,,,,,,,,,,,,,2,1,2,1,1,5,5,1,5,5, ,2,4,5,3,4,4,,
3664,1,1,1,2,2,1,2,5,10,2,2,1,1,2,5,3,3,1,1,3,2,2,5,3,5,3,2,1,2,1,1,3,5,1,3,3, ,1,4,3,2,3,3,,
3666,3,2,2,1,4,1,1,4,0,2,2,2,1,2,5,1,1,1,1,3,2,2,5,1,5,4,1,2,2,1,3,4,4,2,3,3, ,1,3,2,3,4,3,,
3672,1,4,3,3,2,4,3,4,5,2,2,2,2,2,4,2,3,2,1,4,4,3,3,4,2,2,1,2,2,1,1,4,5,1,4,3, ,2,5,2,4,4,5,,
3692,2,1,3,1,1,2,3,3,1,1,2,2,2,2, , , , , , , , , , , , ,2,2,2,1,1,4,4,1,3,4, ,1,5,2,4,4,4,,
3746,3,1,1,5,5,1,2,1,10,2,1,2,2,2,1,1,1,1,1,5,3,3,5,5, , ,2,2,2,1,1,4,4,1,5,2, ,5,4,5,5,5,5,,
3755,1,4,5,2,3,2,5,3,5,2,1,2,2,2, , , , , , , , , , , , ,1,2,2,1,,,,,,,,,,,,,,,
3760,4,1,4,1,3,1,1,4,10,1,2,2,2,2,5,2,2,2,2,1,2,2,2,2, , ,,,,,1,2,1,2,2,3,999,3,3,2,2,5,5,,
3776,1,1,1,2,2,2,4,2,99,2,2,2,2,2, , , , , , , , , , , , ,2,2,2,1,1,1,2,1,1,1,2,1,3,1,1,1,3,,
3777,2,2,1,4,3,1,4,3,3,2,2,2,2,2, , , , , , , , , , , , ,2,2,2,1,1,1,1,1,1,4,999,1,1,2,2,4,4,,
3784,3,1,2,1,1,1,1,1,20,2,2,2,2,2,5,3,5,5,5,4,2,2,1,1, , ,2,2,2,1,4,3,2,2,2,5, ,2,1,1,2,1,2,,
3788,1,1,1,2,4,2,4,2,15,2,2,2,2,2, , , , , , , , , , , , ,2,1,2,2,1,2,4,1,4,4,2,2,5,5,5,5,3,,
3789,1,1,1,3,3,2,4,2,99,2,2,2,2,2,1,1,1,1,1,1,3,3,5,5, , ,2,2,2,1,1,1,1,1,3,5,50,1,5,4,1,4,4,,
3826,,,,,,,,,,,,,,,,,,,,,,,,,,,2,1,2,1,1,3,3,1,4,3, ,2,2,3,2,2,1,,
3845,4,1,3,1,5,1,5,1,1,2,2,2,2,2,3,1,3,3,1,1,3,3,1,5, , ,2,2,2,1,3,3,3,2,4,2, ,3,3,4,2,3,3,,
3852,2,5,5,5,5,5,5,1,99,2,2,2,2,2,1,1,1,1,1,5,3,3,5,5, , ,2,2,2,2,2,2,2,2,2,4, ,1,4,3,3,5,4,,
3882,1,2,2,2,2,2,1,4,99,2,1,2,2,2,5,5,5,5,1,5,2,2,5,5,4,4,2,1,2,2,2,2,2,2,3,2, ,2,4,2,2,4,4,,
3885,,,,,,,,,,,,,,,,,,,,,,,,,,,2,1,2,2,1,2,2,1,3,4,20,2,4,2,4,4,4,,
3894,4,1,2,3,3,1,3,4,3,1,1,1,1,2,4,3,3,4,1,2,2,2,2,2,4,4,2,2,2,2,1,2,1,1,2,4,15,1,3,5,3,5,4,,
3926,2,1,1,2,1,1,2,5,15,2,2,2,1,2,4,4,4,5,5,1,2,2,3,1,3,4,2,2,2,1,5,3,2,5,4,1, ,1,4,3,2,4,4,,
3928,4,2,3,3,3,1,1,1,3,2,2,2,2,2,3,3,3,3,1,1,3,3,4,1,2,2,2,2,2,4,4,1,1,1,1,5,999,1,4,1,2,1,3,,
3929,2,1,1,2,2,1,1,4,70,2,2,2,1,2,5,5,5,5,2,5,2,2,2,1,5,5,2,1,2,3,1,3,3,1,4,3, ,3,3,3,5,5,5,,
3930,3,1,1,2,2,2,2,3,5,2,2,2,2,2,4,3,3,2,1,3,2,2,3,3,3,3,2,2,2,1,,,,,,,,,,,,,,,
3935,3,1,1,3,3,1,4,3,0,2,2,2,2,2,5,1,1,1,1,3,3,3,4,5, , ,,,,,4,2,2,2,1,4, ,1,2,4,2,2,4,,
3968,,,,,,,,,,,,,,,,,,,,,,,,,,,1,2,2,1,3,4,4,1,4,4, ,2,4,1,2,3,3,,
3987,4,3,2,4,4,3,4,5,1,2,2,2,2,2, , , , , , , , , , , , ,2,2,2,1,5,1,1,1,1,1,12,1,1,5,5,5,3,,
4015,1,2,2,2,3,2,2,4,3,2,2,2,2,2, , , , , , , , , , , , ,2,2,2,1,4,2,4,2,2,2,999,2,2,2,2,4,4,,
4017,1,1,1,1,1,1,1,4,7,2,2,2,2,2,5,1,2,2,1,2,2,2,2,2,5,5,2,2,2,4,2,3,2,1,4,5,5,1,5,5,5,5,5,,
4042,3,2,2,2,2,2,2,4,5,2,2,2,2,2, , , , , , , , , , , , ,2,2,2,2,1,5,5,3,1,5, ,1,5,3,5,5,5,,
4073,3,1,1,1,1,1,1,1,0,2,2,2,2,2,5,1,1,1,1,3,3,3,1,5, , ,2,2,2,3,1,4,4,2,4,4, ,1,3,3,4,4,4,,
4084,,,,,,,,,,,,,,,,,,,,,,,,,,,2,2,2,1,4,5,5,1,3,1, ,3,5,1,5,5,5,,
4121,3,1,1,4,4,4,4,1,99,2,2,2,2,2, , , , , , , , , , , , ,2,2,2,1,2,3,3,1,4,5, ,1,5,5,4,4,4,,
4136,,,,,,,,,,,,,,,,,,,,,,,,,,,2,1,2,1,2,4,4,4,2,2, ,2,5,5,5,5,5,,
4141,4,2,3,4,4,2,3,2,1,2,2,2,2,2,4,1,3,1,1,1,2,3,1,2,2,2,2,2,2,4,2,3,3,2,4,2, ,2,3,2,2,5,2,,
4169,,,,,,,,,,,,,,,,,,,,,,,,,,,2,2,2,2,1,3,2,1,1,1,999,4,3,2,3,4,4,,
4198,4,1,1,1,1,1,1,4,0,2,2,2,2,1, , , , , , , , , , , , ,2,2,2,1,2,3,4,2,2,4, ,2,2,4,2,4,4,,
4205,3,1,3,1,2,3,1,1,2,2,2,2,1,2,5,1,5,4,1,5,3,3,4,1,5,5,2,2,2,2,1,5,2,1,5,3, ,5,3,3,4,4,3,,
4215,1,1,1,1,3,1,1,3,0,2,2,2,2,2,5,1,3,3,1,5,3,3,1,1, , ,1,1,2,1,1,3,3,3,2,2, ,1,1,1,2,2,2,,
4217,1,1,1,4,5,2,4,1,5,2,2,2,2,2,1,1,1,1,1,5,3,3,5,5,6,6,2,2,2,1,1,3,3,2,4,4, ,3,4,3,3,5,5,,
4234,,,,,,,,,,,,,,,,,,,,,,,,,,,2,2,2,1,1,3,3,2,3,3, ,3,3,3,4,5,5,,
4261,,,,,,,,,,,,,,,,,,,,,,,,,,,1,2,2,1,2,1,1,1,2,4,10,1,2,2,1,4,4,,
4267,,,,,,,,,,,,,,,,,,,,,,,,,,,2,1,2,1,5,5,5,5,1,5, ,2,2,2,2,2,2,,
4274,4,3,3,3,5,3,3,5,2,2,2,2,2,2,5,1,5,4,3,1,2,3,3,1,3,4,2,2,2,3,1,5,5,1,5,1, ,1,5,1,3,5,1,,
4285,,,,,,,,,,,,,,,,,,,,,,,,,,,1,1,2,1,1,2,2,1,2,5, ,4,4,2,4,5,5,,
4345,1,1,1,1,1,1,1,4,30,2,1,2,2,2, , , , , , , , , , , , ,2,2,2,1,5,1,3,2,5,1, ,2,5,1,1,5,5,,
4349,3,1,2,1,2,2,3,4,10,2,2,2,2,2, , , , , , , , , , , , ,1,2,2,1,1,2,2,1,2,2, ,1,4,3,2,3,4,,
4391,4,1,1,3,2,1,3,3,10,2,1,2,1,2,5,1,1,1,1,2,2,2,4,2,5,5,2,2,2,1,2,4,4,2,4,4, ,2,4,2,2,2,5,,
4405,4,1,1,4,4,1,4,3,99,2,2,2,2,2, , , , , , , , , , , , ,2,2,2,3,1,4,3,1,3,4, ,1,3,5,4,4,3,,
4408,1,1,1,3,1,1,1,1,4,2,1,2,1,2, , , , , , , , , , , , ,2,2,2,1,1,2,2,1,1,2, ,1,5,5,5,5,5,,
4413,1,1,1,1,1,4,1,5,99,1,1,1,2,2, , , , , , , , , , , , ,2,2,2,1,1,1,2,1,1,2,10,1,3,4,2,4,3,,
4416,,,,,,,,,,,,,,,,,,,,,,,,,,,2,2,2,1,4,1,1,2,2,2,999,1,4,3,1,2,5,,
4422,,,,,,,,,,,,,,,,,,,,,,,,,,,2,2,2,4,2,5,2,1,1,4, ,1,1,1,2,2,2,,
4438,,,,,,,,,,,,,,,,,,,,,,,,,,,2,2,2,1,2,4,3,2,3,2, ,1,5,4,3,3,3,,
4442,,,,,,,,,,,,,,,,,,,,,,,,,,,2,2,2,2,2,1,1,2,1,1, ,1,3,3,3,5,3,,
4461,4,1,3,3,3,3,4,2,2,1,1,1,1,2,5,3,4,4,1,1,2,2,2,2,5,5,2,2,2,1,2,2,2,1,4,4, ,2,3,4,2,5,3,,
4462,1,1,3,3,3,1,5,4,1,2,1,2,2,2,5,1,5,5,1,1,2,2,3,3, , ,1,2,2,1,4,5,5,1,3,1, ,1,4,3,4,4,4,,
4479,4,2,4,4,1,2,2,3,23,2,1,2,2,2,5,3,5,4,5,1,2,2,1,1,5,5,2,2,2,3,5,4,4,1,5,1, ,1,2,4,2,2,4,,
4497,,,,,,,,,,,,,,,,,,,,,,,,,,,2,2,2,1,2,1,1,2,4,4,25,1,4,2,3,5,5,,
4501,4,1,1,2,4,1,5,5,5,2,2,2,1,2,5,2,5,5,1,1,2,2,2,1,3,4,2,2,2,1,1,2,3,1,4,1, ,1,2,3,3,5,3,,
4510,3,2,2,2,2,2,2,4,5,2,1,2,2,2,4,1,4,4,2,2,2,2,2,2,4,4,1,2,2,1,3,3,3,3,5,2, ,2,5,5,2,5,5,,
4539,3,1,1,1,1,1,1,4,0,2,1,2,1,2,5,2,5,2,1,5,2,3,5,1, , ,2,2,2,1,1,2,2,1,4,3, ,2,5,3,2,5,5,,
4540,3,1,1,3,1,1,1,4,0,2,2,2,1,2,5,4,3,2,2,1,2,2,1,1,4,4,2,2,2,1,2,4,5,2,2,2, ,1,3,3,4,5,4,,
4552,4,2,2,3,4,2,3,3,10,2,2,2,2,2,3,1,3,2,1,2,3,3,5,4, , ,1,2,2,2,,,,,,,,,,,,,,,
4558,4,1,2,3,1,1,1,5,10,2,2,2,2,2, , , , , , , , , , , , ,,,,,1,3,2,1,2,3, ,1,1,1,1,2,1,,
4559,,,,,,,,,,,,,,,,,,,,,,,,,,,2,2,2,2,4,4,4,3,5,1, ,1,4,3,5,2,3,,
4574,,,,,,,,,,,,,,,,,,,,,,,,,,,1,1,2,2,2,2,2,2,3,2, ,4,3,4,3,2,2,,
4579,4,2,2,1,3,2,2,3,0,2,1,1,1,2,3,2,4,3,2,3,4,3,3,2, , ,2,1,2,1,3,4,4,2,4,4, ,2,3,2,3,4,4,,
4674,,,,,,,,,,,,,,,,,,,,,,,,,,,2,2,2,1,5,5,5,5,2,1, ,1,4,4,4,5,3,,
4730,,,,,,,,,,,,,,,,,,,,,,,,,,,2,2,2,4,,,,,,,,,,,,,,,
4735,1,1,1,3,3,2,2,3,3,1,2,1,1,2, , , , , , , , , , , , ,,,,,5,2,1,4,3,2,1,2,2,1,2,4,2,,
4736,3,1,3,2,2,2,1,5,20,2,2,2,2,2, , , , , , , , , , , , ,2,2,2,4,1,1,3,2,1,5,50,1,5,3,3,5,3,,
4742,,,,,,,,,,,,,,,,,,,,,,,,,,,2,2,2,1,2,1,2,2,2,3,999,1,2,1,1,3,3,,
4748,4,1,1,1,1,5,1,5,3,2,1,2,2,2, , , , , , , , , , , , ,2,2,2,2,2,3,3,1,2,4, ,2,4,2,4,4,2,,
4796,2,1,1,2,2,2,4,4,10,2,2,2,2,2, , , , , , , , , , , , ,2,2,2,1,3,4,3,1,3,4, ,1,1,3,3,3,1,,
4800,4,3,2,2,2,3,2,3,99,2,2,2,2,2,3,1,1,1,1,5,2,2,5,5,1,1,2,2,2,1,2,1,1,1,5,1,10,1,1,1,5,4,5,,
4803,,,,,,,,,,,,,,,,,,,,,,,,,,,2,2,2,1,3,2,2,1,1,4, ,2,5,2,1,3,4,,
4806,1,1,1,3,1,2,2,4,15,2,2,2,2,2,4,1,1,3,1,1,2,2,1,2, , ,1,2,2,2,3,3,3,3,3,3, ,1,3,1,4,4,3,,
4824,1,2,2,3,3,2,4,3,5,2,1,2,2,2, , , , , , , , , , , , ,2,2,2,3,1,2,1,1,1,5,15,1,3,2,5,3,3,,
4839,3,1,1,2,2,1,2,5,15,1,1,1,1,2,4,3,4,4,1,1,2,2,4,3,3,3,2,2,2,1,1,2,1,1,5,3, ,1,3,5,1,3,5,,
4850,2,2,5,5,5,5,5,1,25,2,1,2,2,2, , , , , , , , , , , , ,2,2,2,1,2,4,4,1,5,1, ,5,5,3,3,5,5,,
4873,1,2,1,1,1,1,1,1,10,2,2,2,2,2, , , , , , , , , , , , ,2,2,2,1,3,2,2,1,4,3, ,1,3,2,3,4,2,,
4886,3,1,1,1,1,1,1,5,2,2,1,2,2,2,5,1,2,4,1,2,2,2,2,2,4,2,2,1,2,1,,,,,,,,,,,,,,,
4922,4,1,1,3,3,2,3,5,0,2,2,2,2,2, , , , , , , , , , , , ,,,,,2,2,2,2,2,4, ,5,4,5,3,3,3,,
4923,4,1,1,1,1,1,1,4,0,2,2,2,1,2, , , , , , , , , , , , ,,,,,,,,,,,,,,,,,,,
4934,1,1,1,1,3,1,1,4,5,2,2,2,2,2, , , , , , , , , , , , ,1,2,2,2,2,4,4,2,3,3, ,2,5,3,3,4,4,,
4947,2,1,1,4,1,2,2,2,5,2,2,2,2,2,5,1,1,1,1,4,2,3,2,2,4,4,2,2,2,1,3,3,5,2,5,2, ,1,3,2,2,2,4,,
4976,3,2,4,4,5,4,5,4,8,2,2,2,2,2,1,1,1,1,1,4,3,3,2,5,1,1,2,2,2,3,,,,,,,,,,,,,,,
4981,1,1,3,3,3,4,1,2,0,2,1,2,2,2,1,1,1,1,1,5,3,3,5,3,1,1,,,,,1,2,2,2,2,4, ,1,3,2,4,4,2,,
4985,4,4,2,4,5,5,4,5,2,2,1,2,2,2, , , , , , , , , , , , ,,,,,,,,,,,,,,,,,,,
4994,1,1,1,1,1,1,1,5,99,2,2,2,1,2,5,1,4,4,1,1,4,4,3,2, , ,1,1,2,1,2,5,3,1,5,3, ,1,4,1,5,2,3,,
4995,3,1,1,2,1,1,1,4,0,2,1,2,2,2, , , , , , , , , , , , ,1,2,2,1,2,1,1,1,1,1, ,1,3,5,2,5,5,,
5009,,,,,,,,,,,,,,,,,,,,,,,,,,,2,2,2,4,2,1,1,1,2,2,20,1,3,5,5,5,4,,
5023,,,,,,,,,,,,,,,,,,,,,,,,,,,1,2,2,1,3,2,2,3,4,4, ,1,2,1,2,3,4,,
5026,4,2,3,4,4,4,2,5,99,2,2,2,2,2, , , , , , , , , , , , ,2,2,2,1,3,5,5,4,4,5, ,1,3,5,3,4,3,,
5028,,,,,,,,,,,,,,,,,,,,,,,,,,,2,2,2,3,,,,,,,,,,,,,,,
5044,2,2,2,1,1,1,2,4,5,2,2,2,2,2,4,2,4,5,2,2,2,2,3,3,5,4,,,,,1,4,4,1,4,4, ,1,4,1,4,4,4,,
5060,4,1,1,1,1,5,1,2,5,2,2,2,2,2, , , , , , , , , , , , ,2,2,2,1,2,2,2,2,2,4,999,1,3,5,2,4,2,,
5068,4,2,3,2,2,2,4,4,10,2,1,1,1,2, , , , , , , , , , , , ,2,2,2,2,1,1,1,1,2,4,10,2,4,4,4,4,4,,
5079,1,1,2,1,1,2,1,5,4,2,1,2,1,2,5,5,5,5,1,1,1,2,2,1,5,5,2,1,2,1,2,4,4,3,3,5, ,2,3,2,2,2,1,,
5091,,,,,,,,,,,,,,,,,,,,,,,,,,,2,2,2,3,1,3,1,2,2,2, ,2,3,3,4,5,5,,
5103,4,1,1,2,2,2,4,2,3,2,2,2,2,2, , , , , , , , , , , , ,2,2,2,1,4,1,4,5,1,1,5,1,3,3,3,4,4,,
5132,4,1,1,1,3,2,2,2,2,2,2,2,2,2,5,2,4,4,1,2,4,4,4,1,2,2,2,2,2,4,,,,,,,,,,,,,,,
5154,3,1,1,2,4,2,4,2,10,2,1,2,2,2,5,2,2,2,1,2,3,3,4,4, , ,,,,,5,5,5,5,5,1, ,1,1,2,2,5,2,,
5159,,,,,,,,,,,,,,,,,,,,,,,,,,,2,2,2,5,1,2,2,1,2,3,999,1,3,2,4,3,2,,
5188,,,,,,,,,,,,,,,,,,,,,,,,,,,2,2,2,1,1,2,2,4,4,5, ,1,3,3,1,3,3,,
5229,2,4,4,4,1,1,1,5,10,2,1,2,1,2, , , , , , , , , , , , ,2,2,2,1,,,,,,,,,,,,,,,
5239,4,1,1,3,5,1,3,3,0,2,2,2,2,2,5,3,4,4,1,3,2,3,1,1, , ,,,,,1,1,1,1,1,1,5,2,3,3,3,5,5,,
5242,3,1,2,1,1,1,2,1,0,2,1,2,2,2, , , , , , , , , , , , ,2,2,2,1,,,,,,,,,,,,,,,
5259,1,1,1,2,2,2,3,3,9,2,2,2,1,2,5,5,5,5,1,5,1,1,1,1,4,4,,,,,1,1,2,1,1,4, ,2,1,4,3,4,3,,
5298,3,1,3,1,5,2,4,2,3,2,2,2,1,2, , , , , , , , , , , , ,2,2,2,2,1,5,5,3,3,4, ,3,5,3,5,3,5,,
5301,3,1,1,3,3,5,2,5,0,2,1,2,2,2,5,5,4,3,2,2,2,2,1,1,5,5,2,2,2,3,2,2,2,1,1,2,999,1,2,2,2,2,2,,
5305,,,,,,,,,,,,,,,,,,,,,,,,,,,2,2,2,1,,,,,,,,,,,,,,,
5315,1,1,1,5,3,1,1,4,99,2,1,2,2,2,4,2,4,4,1,1,3,3,5,5, , ,,,,,3,3,2,1,1,4, ,3,4,3,2,3,2,,
5361,,,,,,,,,,,,,,,,,,,,,,,,,,,2,2,2,4,,,,,,,,,,,,,,,
5387,1,1,1,1,2,1,2,2,2,2,2,1,1,2,5,1,4,3,1,4,3,3,4,4,2,2,,,,,1,2,2,1,5,5, ,1,3,2,2,5,5,,
5400,3,1,1,3,1,1,2,2,0,2,2,2,2,2, , , , , , , , , , , , ,2,2,2,1,3,3,3,1,2,5, ,1,5,3,3,3,4,,
5410,4,3,3,3,3,3,1,1,2,2,1,1,1,1,5,3,4,4,1,3,2,3,5,5,3,3,1,1,2,3,2,2,2,4,2,4, ,2,4,2,4,4,4,,
5421,,,,,,,,,,,,,,,,,,,,,,,,,,,2,2,2,2,,,,,,,,,,,,,,,
5437,1,1,2,3,3,4,2,4,2,2,2,2,1,2, , , , , , , , , , , , ,,,,,2,2,2,2,2,4, ,2,4,4,5,4,5,,
5442,1,1,3,2,2,2,2,4,5,2,2,2,2,1, , , , , , , , , , , , ,2,2,2,2,3,3,3,2,2,3, ,2,4,4,1,3,3,,
5530,,,,,,,,,,,,,,,,,,,,,,,,,,,2,2,2,3,1,1,1,1,1,5, ,1,5,5,2,5,5,,
5548,4,1,1,1,1,1,1,4,2,2,2,2,2,2,3,1,1,1,1,5,3,2,5,5, , ,1,2,2,1,,,,,,,,,,,,,,,
5558,3,2,2,1,1,1,1,5,15,2,1,2,2,2,2,2,2,2,2,2,3,3,3,4,1,1,,,,,4,2,1,1,4,5, ,1,5,1,1,4,4,,
5567,4,1,1,3,2,2,1,3,2,2,2,2,2,2,5,1,5,5,3,3,2,2,5,1,5,5,2,2,2,1,2,1,1,2,2,2,30,1,4,2,4,4,3,,
5575,,,,,,,,,,,,,,,,,,,,,,,,,,,2,1,2,2,,,,,,,,,,,,,,,
5588,3,1,2,1,1,3,2,5,0,2,2,2,1,2,3,3,3,4,1,1,3,2,3,2,3,3,,,,,3,1,4,1,3,4, ,2,1,5,3,5,5,,
5590,1,1,1,1,5,1,1,5,0,2,2,2,2,2, , , , , , , , , , , , ,2,2,2,1,2,2,2,2,4,2,5,2,4,4,4,4,4,,
5609,3,1,4,4,1,1,4,3,0,2,1,2,2,2,5,5,3,4,1,5,5,5,5,1, , ,1,1,2,2,1,2,1,1,1,4,999,1,4,2,2,2,3,,
5612,,,,,,,,,,,,,,,,,,,,,,,,,,,1,2,2,1,1,1,1,1,2,4,60,1,2,2,4,5,5,,
5613,1,1,1,3,2,1,2,2,40,2,2,2,2,2,4,1,1,3,1,3,2,3,3,2,5,5,2,1,2,1,1,5,5,1,2,4, ,2,3,3,3,4,3,,
5614,2,1,2,2,1,4,2,5,43,2,1,2,1,2, , , , , , , , , , , , ,2,2,2,1,1,2,2,2,2,4,999,2,3,3,3,3,4,,
5678,3,1,2,1,1,2,2,2,2,2,2,2,2,2,4,3,4,4,1,1,3,2,4,4,4,2,2,2,2,2,1,3,3,1,3,4, ,1,3,5,5,5,5,,
5685,4,1,1,4,5,1,1,5,10,2,2,2,2,2, , , , , , , , , , , , ,1,1,2,1,,,,,,,,,,,,,,,
5688,3,1,2,2,2,2,4,3,99,2,2,2,2,2,5,3,2,2,1,5,2,2,1,1, , ,,,,,2,2,2,1,4,2,40,3,5,2,4,4,4,,
5694,,,,,,,,,,,,,,,,,,,,,,,,,,,1,2,2,1,1,1,1,1,1,2,1,2,2,2,3,3,3,,
5703,3,1,1,1,1,1,1,3,1,2,1,2,2,2,5,1,5,5,1,1,1,1,1,1,5,5,2,2,2,1,,,,,,,,,,,,,,,
5713,3,2,2,1,1,2,1,4,0,2,2,1,1,2, , , , , , , , , , , , ,,,,,2,4,4,2,2,4, ,2,3,5,3,5,3,,
5722,3,1,2,4,5,1,3,4,1,2,1,2,2,2,2,2,2,2,2,4,2,3,2,3,3,4,2,2,2,2,1,3,3,2,3,3, ,2,3,3,3,3,3,,
5750,,,,,,,,,,,,,,,,,,,,,,,,,,,2,2,2,1,2,2,2,2,2,2,2,2,3,2,4,2,4,,
5768,3,1,1,3,3,1,5,1,5,2,2,2,2,2,5,1,1,1,1,1,3,3,3,3, , ,2,1,2,2,2,4,4,1,2,2, ,2,2,2,2,2,2,,
5791,2,1,2,3,3,2,4,2,3,2,2,2,2,2,5,4,4,4,3,3,3,2,5,3, , ,2,2,2,1,2,4,4,1,1,4, ,2,3,1,4,4,4,,
5793,4,2,3,5,5,2,3,3,0,2,2,2,2,2, , , , , , , , , , , , ,2,2,2,1,,,,,,,,,,,,,,,
5801,4,2,1,2,2,1,3,3,13,2,1,2,2,2, , , , , , , , , , , , ,,,,,3,2,2,1,3,2, ,1,3,3,1,2,3,,
5810,,,,,,,,,,,,,,,,,,,,,,,,,,,2,2,2,3,1,2,4,1,4,5, ,1,3,1,5,3,3,,
5817,,,,,,,,,,,,,,,,,,,,,,,,,,,1,2,2,2,,,,,,,,,,,,,,,
5872,4,1,1,1,1,1,1,1,15,2,1,2,2,2,5,3,2,3,1,3,3,2,3,5, , ,,,,,2,5,5,2,5,2, ,1,3,1,4,3,3,,
5881,3,3,3,5,5,5,5,1,5,2,2,2,2,2, , , , , , , , , , , , ,2,1,2,1,2,3,3,1,3,4, ,1,2,1,1,2,4,,
5886,2,2,4,5,4,2,2,4,10,1,1,2,1,2,5,3,4,5,4,2,2,2,2,3,4,3,2,2,2,1,3,1,1,1,2,2,10,3,4,3,4,4,4,,
5897,3,1,1,1,1,1,2,4,5,2,2,2,2,2,5,1,5,5,1,3,2,2,1,1,4,4,2,2,2,1,,,,,,,,,,,,,,,
5940,1,2,2,3,3,3,2,3,15,2,1,2,2,2, , , , , , , , , , , , ,,,,,2,2,2,1,4,4, ,2,4,4,5,5,5,,
5946,2,1,4,1,1,1,4,2,50,2,1,2,2,2, , , , , , , , , , , , ,,,,,,,,,,,,,,,,,,,
5956,,,,,,,,,,,,,,,,,,,,,,,,,,,2,2,2,2,1,2,2,1,5,4, ,1,4,4,4,5,4,,
5958,,,,,,,,,,,,,,,,,,,,,,,,,,,2,2,2,1,1,3,5,1,4,2, ,2,3,1,3,3,1,,
5985,1,1,1,3,3,1,1,5,0,2,1,2,2,2,5,1,5,2,1,3,3,3,2,3,5,5,1,2,2,1,2,5,5,2,4,3, ,1,2,2,3,2,3,,
5986,2,1,1,4,4,2,5,1,5,2,2,2,2,2,5,1,1,1,1,1,3,3,3,2,5,5,2,2,2,2,1,4,2,1,3,1,10,1,3,2,3,2,3,,
6004,4,1,1,2,2,1,2,4,1,2,2,2,1,2, , , , , , , , , , , , ,2,1,2,1,2,4,4,1,4,2, ,1,3,1,4,3,2,,
6022,3,1,3,1,1,1,5,1,1,2,1,2,2,2,5,1,5,1,1,5,3,3,5,5, , ,2,2,2,2,,,,,,,,,,,,,,,
6025,1,1,1,1,1,1,1,5,1,2,2,2,2,2,5,2,4,4,1,4,2,3,4,5,4,4,,,,,4,5,5,3,2,2, ,1,3,3,1,2,2,,
6044,,,,,,,,,,,,,,,,,,,,,,,,,,,2,2,2,3,2,2,2,2,1,4, ,1,3,1,4,4,3,,
6064,,,,,,,,,,,,,,,,,,,,,,,,,,,2,2,2,2,,,,,,,,,,,,,,,
6090,3,1,1,2,2,1,2,4,5,2,2,2,2,2,4,4,4,2,1,1,3,3,5,5, , ,,,,,2,1,1,1,2,2,70,1,5,1,5,5,5,,
6121,3,1,1,3,2,2,2,3,0,2,2,2,2,2, , , , , , , , , , , , ,1,2,2,1,4,2,3,1,2,1, ,2,2,5,3,5,3,,
6126,3,1,1,2,2,2,4,2,99,2,2,2,2,2, , , , , , , , , , , , ,2,2,2,1,,,,,,,,,,,,,,,
6194,3,5,5,5,5,5,5,5,0,2,2,2,2,2, , , , , , , , , , , , ,,,,,2,5,4,2,4,4, ,2,4,2,5,4,4,,
6218,3,1,1,1,1,1,1,5,0,2,2,2,2,2,5,5,5,5,1,1,2,2,5,2,5,5,,,,,,,,,,,,,,,,,,,
6228,,,,,,,,,,,,,,,,,,,,,,,,,,,2,2,2,2,4,5,5,1,2,5, ,1,3,2,3,4,3,,
6231,3,1,1,1,1,1,3,4,0,2,2,2,2,2,3,2,2,2,2,1,2,3,4,4,3,4,2,2,2,1,3,2,2,2,2,4, ,2,3,5,5,5,4,,
6303,4,1,3,1,4,5,5,4,4,2,2,2,2,2, , , , , , , , , , , , ,2,2,2,3,1,5,5,1,3,3, ,2,4,2,3,4,4,,
6348,,,,,,,,,,,,,,,,,,,,,,,,,,,2,2,2,1,2,4,4,1,2,4, ,1,1,2,4,2,3,,
6349,3,1,3,3,2,2,4,3,10,2,2,2,2,2,2,5,2,2,4,5,2,2,1,1,5,3,,,,,,,,,,,,,,,,,,,
6355,3,1,4,2,2,2,4,3,20,2,2,2,2,2, , , , , , , , , , , , ,2,2,2,1,3,5,2,1,5,2, ,2,5,5,3,4,4,,
6358,,,,,,,,,,,,,,,,,,,,,,,,,,,2,2,2,1,1,3,3,1,1,4, ,3,4,4,2,5,5,,
6372,2,1,3,1,1,1,1,3,3,2,2,2,1,2, , , , , , , , , , , , ,2,2,2,1,,,,,,,,,,,,,,,
6389,2,1,2,3,4,1,1,4,5,2,1,2,2,2,4,1,1,1,1,5,3,3,3,2,3,3,,,,,1,1,1,1,3,3,999,1,3,1,3,5,3,,
6402,4,1,1,1,2,2,4,3,1,2,2,2,1,2,5,5,5,5,1,1,2,2,5,5, , ,,,,,,,,,,,,,,,,,,,
6452,3,2,2,2,1,2,4,2,10,2,2,2,2,2,4,1,1,1,1,1,3,3,4,4,5,5,1,2,2,1,1,2,2,3,2,2, ,2,4,2,3,4,3,,
6453,,,,,,,,,,,,,,,,,,,,,,,,,,,2,2,2,1,3,2,2,4,4,2, ,2,2,2,2,2,3,,
6458,2,5,5,5,5,5,5,5,99,2,2,2,2,2, , , , , , , , , , , , ,2,1,2,3,2,3,2,1,4,4, ,2,4,3,5,5,3,,
6480,,,,,,,,,,,,,,,,,,,,,,,,,,,1,2,2,1,3,1,1,3,3,5, ,2,5,1,3,4,3,,
6520,4,2,2,1,2,2,2,4,0,2,2,2,2,2, , , , , , , , , , , , ,2,2,2,1,4,3,3,1,4,4, ,1,3,3,2,4,3,,
6540,,,,,,,,,,,,,,,,,,,,,,,,,,,2,2,2,1,2,2,2,2,2,4, ,2,2,2,2,4,4,,
6555,1,1,1,1,1,1,1,5,99,2,2,2,2,2,5,1,5,4,4,4,3,3,5,5,3,2,1,1,2,2,1,2,2,1,5,5, ,3,2,5,5,5,4,,
6595,3,1,2,2,2,2,4,4,90,2,2,2,1,2, , , , , , , , , , , , ,1,2,2,1,1,1,1,1,1,3,999,1,1,1,1,1,1,,
6609,1,3,1,2,1,1,1,2,20,1,2,1,1,2,5,5,5,5,5,5,2,2,1,1,6,6,1,2,2,1,1,2,1,1,1,1, ,1,2,1,4,5,5,,
6624,4,3,2,3,3,2,3,2,99,2,1,2,2,2,4,3,4,3,1,3,3,3,4,3,2,2,2,2,2,1,,,,,,,,,,,,,,,
6627,4,2,2,2,1,2,4,5,10,2,2,2,1,2,2,2,1,1,1,5,3,3,5,5, , ,,,,,4,2,2,2,2,2, ,2,4,2,2,2,2,,
6644,3,1,1,1,1,1,1,5,5,2,1,2,2,2,5,1,5,5,5,1,2,2,2,3,5,5,2,1,2,1,,,,,,,,,,,,,,,
6649,1,1,1,1,1,1,4,3,10,2,1,2,2,2,5,1,5,5,3,5,1,1,2,3,5,5,,,,,,,,,,,,,,,,,,,
6654,4,1,1,2,2,3,2,2,5,2,2,2,2,2,5,5,1,1,1,1,1,3,2,2, , ,,,,,2,3,5,4,2,4, ,2,3,3,5,5,5,,
6695,4,1,1,1,2,1,3,3,3,2,2,2,2,2, , , , , , , , , , , , ,2,2,2,2,,,,,,,,,,,,,,,
6701,1,1,2,3,3,1,3,3,0,2,1,2,2,2,4,1,1,1,3,4,3,3,3,5, , ,,,,,4,2,2,1,2,1, ,2,2,1,5,2,2,,
6717,1,1,1,2,2,1,1,1,4,2,2,2,2,2,5,3,4,3,1,2,4,4,3,2, , ,2,2,2,1,2,4,4,2,4,4, ,1,1,1,1,5,3,,
6722,,,,,,,,,,,,,,,,,,,,,,,,,,,2,2,2,2,,,,,,,,,,,,,,,
6733,1,5,4,1,2,4,4,3,2,2,2,2,2,2, , , , , , , , , , , , ,,,,,4,1,1,1,1,1,5,1,3,3,3,5,3,,
6783,3,2,4,1,2,2,1,2,6,2,2,2,1,2, , , , , , , , , , , , ,2,2,2,1,2,4,4,4,4,1, ,2,4,4,4,4,4,,
6835,,,,,,,,,,,,,,,,,,,,,,,,,,,2,2,2,2,1,2,1,1,3,3, ,4,3,3,3,2,3,,
6847,,,,,,,,,,,,,,,,,,,,,,,,,,,2,2,2,1,3,1,1,1,1,1, ,1,3,5,3,5,3,,
6867,2,1,1,5,5,1,1,1,0,1,1,2,1,2, , , , , , , , , , , , ,1,1,2,1,2,3,3,2,2,2, ,1,2,5,3,5,5,,
6888,1,1,1,2,1,1,3,3,0,2,2,2,2,2,5,3,3,3,1,1,3,3,3,3, , ,2,2,2,1,1,2,2,2,1,1, ,2,2,4,2,5,2,,
6896,1,1,1,1,1,2,1,2,5,2,2,2,2,2, , , , , , , , , , , , ,1,1,2,3,1,1,1,1,1,5,999,1,2,2,2,4,3,,
6899,,,,,,,,,,,,,,,,,,,,,,,,,,,2,1,2,1,1,1,1,1,1,5,999,4,5,1,3,5,5,,
6909,1,1,1,1,1,1,1,1,2,2,1,2,2,2,5,2,2,2,2,2,3,3,5,5, , ,1,2,2,2,1,2,2,1,1,1,999,3,3,3,3,3,4,,
6916,,,,,,,,,,,,,,,,,,,,,,,,,,,2,2,2,1,2,2,2,2,4,4, ,1,1,1,4,5,2,,
6927,4,1,3,4,3,1,5,5,0,2,2,2,2,2,4,1,1,1,1,1,3,3,3,3, , ,2,2,2,1,1,1,1,3,3,4, ,2,3,3,3,5,5,,
6937,4,1,1,1,1,1,5,5,5,2,2,2,2,2, , , , , , , , , , , , ,2,2,2,1,4,3,5,4,3,4, ,1,3,3,3,2,3,,
6939,,,,,,,,,,,,,,,,,,,,,,,,,,,2,2,2,4,3,2,2,1,2,2, ,1,4,3,3,2,3,,
6946,4,1,1,3,3,1,3,3,0,2,1,2,2,2,3,5,4,1,1,4,3,3,4,1,5,5,2,2,2,1,4,4,4,4,2,4, ,1,3,4,4,4,3,,
6950,,,,,,,,,,,,,,,,,,,,,,,,,,,2,2,2,1,1,2,3,2,3,4, ,2,3,4,2,3,2,,
6998,1,1,3,2,2,1,1,2,0,2,2,1,1,2,5,1,4,2,1,2,2,2,1,1,4,4,2,2,2,1,1,3,4,1,1,5, ,1,5,5,5,5,3,,
6999,,,,,,,,,,,,,,,,,,,,,,,,,,,1,2,2,1,1,4,4,1,2,1, ,2,5,4,2,4,4,,
7015,,,,,,,,,,,,,,,,,,,,,,,,,,,2,2,2,1,1,5,3,1,1,3, ,2,3,4,3,4,4,,
7058,1,3,3,2,2,2,1,3,0,2,1,2,2,2,5,1,3,3,2,3,2,3,3,2,4,4,2,2,2,1,1,2,1,1,2,4, ,4,4,5,4,5,5,,
7064,3,1,1,4,4,1,1,4,3,2,2,2,1,2,5,4,4,1,1,4,4,3,3,5, , ,2,2,2,1,2,1,1,1,2,5,999,1,1,3,3,4,3,,
7065,3,1,1,1,1,1,1,4,0,2,2,2,2,2, , , , , , , , , , , , ,2,2,2,3,2,1,3,2,3,3, ,1,5,5,3,4,4,,
7079,4,5,2,2,3,1,1,2,10,2,1,2,1,2,5,1,3,4,1,4,2,2,1,1,5,4,1,2,2,1,1,3,4,1,3,4, ,1,4,2,4,2,2,,
7087,1,1,1,3,3,1,3,1,10,2,1,2,2,2,3,1,1,1,1,2,2,3,2,4,3,3,2,2,2,1,2,2,2,2,4,2,10,2,2,4,4,4,4,,
7094,1,3,2,2,3,3,2,3,10,2,2,2,2,2, , , , , , , , , , , , ,2,2,2,1,3,5,4,1,4,2, ,2,3,2,3,4,2,,
7155,3,1,1,4,4,2,4,2,10,2,2,2,2,2,2,2,2,2,2,1,3,3,5,5, , ,2,2,2,1,1,2,2,2,2,4,999,2,4,1,4,4,4,,
7168,,,,,,,,,,,,,,,,,,,,,,,,,,,2,1,2,1,1,5,5,1,4,3, ,1,3,4,5,5,4,,
7173,,,,,,,,,,,,,,,,,,,,,,,,,,,1,1,2,1,1,1,4,1,1,1, ,1,3,2,2,4,3,,
7182,3,1,3,4,3,2,4,3,1,2,1,2,2,2,4,2,3,3,2,3,3,5,1,3, , ,2,1,2,1,1,3,1,1,4,5, ,1,4,5,3,3,4,,
7195,4,1,1,1,1,1,3,2,5,2,2,2,2,2, , , , , , , , , , , , ,2,2,2,3,1,4,2,2,2,2,2,2,2,2,2,4,2,,
7201,1,1,1,1,1,2,1,3,0,2,2,2,2,2,5,2,4,3,1,1,2,2,1,1,5,5,2,1,2,1,3,2,2,4,2,5,999,1,3,2,3,3,3,,
7222,3,1,3,2,2,4,2,4,3,2,2,2,2,2, , , , , , , , , , , , ,2,2,2,2,1,4,4,1,4,3, ,1,3,5,4,4,4,,
7238,,,,,,,,,,,,,,,,,,,,,,,,,,,1,2,2,1,2,4,4,2,4,4, ,4,1,1,1,4,4,,
7242,,,,,,,,,,,,,,,,,,,,,,,,,,,2,2,2,1,1,4,5,1,5,4, ,1,5,4,5,2,5,,
7244,4,1,1,3,3,1,2,1,20,2,2,2,2,2,5,1,1,1,1,5,3,3,3,3,3,3,2,2,2,1,2,4,3,2,4,3, ,1,4,3,3,3,3,,
7277,1,2,2,2,3,2,3,3,3,2,2,2,2,2,4,2,2,2,1,4,3,2,3,4,2,2,1,2,2,1,2,4,4,2,4,2, ,2,4,2,2,4,5,,
7299,3,2,2,4,4,4,4,2,5,2,2,2,2,2,4,4,4,4,1,1,3,3,3,5, , ,2,2,2,2,2,2,4,2,2,4, ,2,4,4,2,2,4,,
7348,,,,,,,,,,,,,,,,,,,,,,,,,,,1,2,2,1,1,5,2,1,5,5, ,2,5,2,5,5,5,,
7357,4,2,2,3,2,2,2,4,3,2,2,2,1,2,4,2,4,4,2,2,2,2,4,2,3,3,2,1,2,1,1,3,2,1,3,3,2,1,3,2,3,5,3,,
7369,1,1,1,1,1,1,1,1,10,2,1,2,2,2,1,1,1,1,1,5,3,3,1,1, , ,2,2,2,1,1,2,2,1,2,4,13,3,4,3,2,5,4,,
7397,4,3,3,3,3,3,4,4,5,2,2,2,2,2,4,3,4,3,1,3,3,3,3,2,6,6,,,,,,,,,,,,,,,,,,,
7427,4,1,3,3,5,1,5,5,1,2,1,2,2,2,1,1,1,1,1,5,3,3,5,5, , ,1,1,2,1,2,2,2,2,2,4,999,1,4,2,3,3,4,,
7439,,,,,,,,,,,,,,,,,,,,,,,,,,,2,2,2,2,,,,,,,,,,,,,,,
,,,,,,,,,,,,,,,,,,,,,,,,,,,,,,,,,,,,,,,,,,,,,
,,,,,,,,,,,,,,,,,,,,,,,,,,,,,,,,,,,,,,,,,,,,,
,,,,,,,,,,,,,,,,,,,,,,,,,,,,,,,,,,,,,,,,,,,,,
,,,,,,,,,,,,,,,,,,,,,,,,,,,,,,,,,,,,,,,,,,,,,
,,,,,,,,,,,,,,,,,,,,,,,,,,,,,,,,,,,,,,,,,,,,,
,,,,,,,,,,,,,,,,,,,,,,,,,,,,,,,,,,,,,,,,,,,,,
